-- MySQL dump 10.13  Distrib 8.0.41, for Win64 (x86_64)
--
-- Host: 127.0.0.1    Database: book
-- ------------------------------------------------------
-- Server version	8.0.41

/*!40101 SET @OLD_CHARACTER_SET_CLIENT=@@CHARACTER_SET_CLIENT */;
/*!40101 SET @OLD_CHARACTER_SET_RESULTS=@@CHARACTER_SET_RESULTS */;
/*!40101 SET @OLD_COLLATION_CONNECTION=@@COLLATION_CONNECTION */;
/*!50503 SET NAMES utf8 */;
/*!40103 SET @OLD_TIME_ZONE=@@TIME_ZONE */;
/*!40103 SET TIME_ZONE='+00:00' */;
/*!40014 SET @OLD_UNIQUE_CHECKS=@@UNIQUE_CHECKS, UNIQUE_CHECKS=0 */;
/*!40014 SET @OLD_FOREIGN_KEY_CHECKS=@@FOREIGN_KEY_CHECKS, FOREIGN_KEY_CHECKS=0 */;
/*!40101 SET @OLD_SQL_MODE=@@SQL_MODE, SQL_MODE='NO_AUTO_VALUE_ON_ZERO' */;
/*!40111 SET @OLD_SQL_NOTES=@@SQL_NOTES, SQL_NOTES=0 */;

--
-- Table structure for table `book`
--

DROP TABLE IF EXISTS `book`;
/*!40101 SET @saved_cs_client     = @@character_set_client */;
/*!50503 SET character_set_client = utf8mb4 */;
CREATE TABLE `book` (
  `book_id` int NOT NULL AUTO_INCREMENT,
  `title` varchar(255) NOT NULL,
  `author` varchar(60) NOT NULL,
  PRIMARY KEY (`book_id`)
) ENGINE=InnoDB AUTO_INCREMENT=54 DEFAULT CHARSET=utf8mb4 COLLATE=utf8mb4_0900_ai_ci;
/*!40101 SET character_set_client = @saved_cs_client */;

--
-- Dumping data for table `book`
--

LOCK TABLES `book` WRITE;
/*!40000 ALTER TABLE `book` DISABLE KEYS */;
INSERT INTO `book` VALUES (1,'고요한 숲','김하늘'),(2,'그림자의 코드','박지훈'),(3,'자정의 태양','이서연'),(4,'바다의 속삭임','최민수'),(5,'우리의 조각들','정은지'),(6,'네온 지평선','한도윤'),(7,'운명의 실타래','유수빈'),(8,'디지털 신기루','오준호'),(9,'살렘의 바람','윤소정'),(10,'어둠 속 메아리','남건우'),(11,'종이 하늘','장채원'),(12,'이진수의 심장','노태형'),(13,'부서진 빛','이하늘'),(14,'진홍빛 파도','강지훈'),(15,'달의 그림자','서유리'),(16,'안개의 정원','문준영'),(17,'속도의 꿈','홍지수'),(18,'얼어붙은 꽃잎','배진우'),(19,'영혼의 캔버스','최유진'),(20,'녹과 비','임현우'),(21,'우리집','더움'),(22,'노인과','바다'),(23,'청년과','산골'),(24,'중년과','하늘'),(25,'애기와','요람'),(26,'너네집','추움'),(27,'조용한','공부방'),(28,'고요한','잠'),(29,'산타는','노인'),(30,'ㅇ셔ㅓ','ㄽ아'),(31,'zsrh','zdrh'),(32,'zxdrj','xtj'),(33,'xdf','xdfh'),(34,'zdr','zdrh'),(35,'xfgj','xfgj'),(36,'zdsh','zh'),(37,'rdxh','xdh'),(38,'zdfh','xdfh'),(39,'zdrh','drzh'),(40,'zdrj','rdj'),(41,'xtfj','xtj'),(42,'rtjsej','ftxdj'),(43,'sej','jzerhj'),(44,'aertjsrtj','stj'),(45,'ㄴㄷ고ㅓ','ㄴ더'),(46,'xdfgj','xzdfj'),(47,'sdrh','dsrh'),(48,'xfgj','xcfgjk'),(49,'sdrh','sdrtjh'),(50,'달러구트 꿈 백화점','이미예'),(51,'7년의 밤','정유정'),(52,'책 수정','저자 수정'),(53,'당신 인생의 이야기','테드 창');
/*!40000 ALTER TABLE `book` ENABLE KEYS */;
UNLOCK TABLES;

--
-- Table structure for table `comment`
--

DROP TABLE IF EXISTS `comment`;
/*!40101 SET @saved_cs_client     = @@character_set_client */;
/*!50503 SET character_set_client = utf8mb4 */;
CREATE TABLE `comment` (
  `comment_id` int NOT NULL AUTO_INCREMENT,
  `post_id` int DEFAULT NULL,
  `member_id` int DEFAULT NULL,
  `content` text NOT NULL,
  `book_id` int DEFAULT NULL,
  `created_at` timestamp NULL DEFAULT CURRENT_TIMESTAMP,
  `is_selected` tinyint(1) DEFAULT '0',
  PRIMARY KEY (`comment_id`),
  KEY `member_id` (`member_id`),
  KEY `post_id` (`post_id`),
  KEY `book_id` (`book_id`),
  CONSTRAINT `comment_ibfk_1` FOREIGN KEY (`member_id`) REFERENCES `member` (`member_id`) ON DELETE SET NULL,
  CONSTRAINT `comment_ibfk_2` FOREIGN KEY (`post_id`) REFERENCES `post` (`post_id`) ON DELETE CASCADE,
  CONSTRAINT `comment_ibfk_3` FOREIGN KEY (`book_id`) REFERENCES `book` (`book_id`) ON DELETE SET NULL
) ENGINE=InnoDB AUTO_INCREMENT=48 DEFAULT CHARSET=utf8mb4 COLLATE=utf8mb4_0900_ai_ci;
/*!40101 SET character_set_client = @saved_cs_client */;

--
-- Dumping data for table `comment`
--

LOCK TABLES `comment` WRITE;
/*!40000 ALTER TABLE `comment` DISABLE KEYS */;
INSERT INTO `comment` VALUES (3,112,1,'456',NULL,'2025-06-27 07:21:29',0),(4,113,3,'546',NULL,'2025-06-27 07:21:29',NULL),(9,12,3,'123',NULL,'2025-06-27 19:01:49',NULL),(11,188,3,'asd',NULL,'2025-07-02 01:14:18',NULL),(12,189,3,'asd',NULL,'2025-07-02 01:57:17',NULL),(13,189,1,'srtj',NULL,'2025-07-02 01:57:17',1),(14,189,1,'zdjzjf',NULL,'2025-07-02 01:57:17',0),(16,189,3,'ㄴ거',NULL,'2025-07-02 03:34:52',NULL),(18,213,3,'str',NULL,'2025-07-02 07:50:53',NULL),(19,213,1,'48853',NULL,'2025-07-02 07:50:53',1),(20,211,1,'추천이요',21,'2025-07-02 08:40:49',1),(22,212,1,'ㄹ쇼어',30,'2025-07-03 00:15:59',1),(23,212,1,'xdtu',NULL,'2025-07-03 00:15:59',0),(24,215,1,'bhjl',NULL,'2025-07-03 00:15:59',1),(25,215,6,'zsdhr',31,'2025-07-03 05:34:11',NULL),(26,215,6,'zdrh',32,'2025-07-03 05:37:35',NULL),(27,210,6,'dfxh',33,'2025-07-03 05:42:46',NULL),(28,210,6,'dr',34,'2025-07-03 05:43:04',NULL),(29,210,6,'xfgj',35,'2025-07-03 05:43:40',NULL),(30,206,6,'zsdh',36,'2025-07-03 05:44:56',NULL),(31,210,6,'zdrh',37,'2025-07-03 05:55:08',NULL),(32,210,6,'zdfh',38,'2025-07-03 05:55:49',0),(33,206,6,'sdrhg',39,'2025-07-03 06:10:57',NULL),(34,205,6,'szdrh',40,'2025-07-03 06:12:19',NULL),(35,216,3,'tfjxftytk,',41,'2025-07-03 06:49:53',NULL),(36,215,3,'dsrtjsdrtj',42,'2025-07-03 06:56:48',NULL),(37,218,3,'erasyh',43,'2025-07-03 07:45:17',NULL),(39,218,3,'ㄴㅇㄱ소',45,'2025-07-03 09:43:08',NULL),(41,226,6,'ser',47,'2025-07-04 08:22:56',1),(42,222,6,'srjh',48,'2025-07-04 10:31:27',1),(43,227,6,'srh',49,'2025-07-07 01:04:09',NULL),(44,230,6,'몽환적이고 따뜻한 판타지 소설 이에요!',50,'2025-07-07 01:40:49',1),(45,229,6,'강렬한 복수극과 심리 묘사가 탁월한 한국 스릴러 추천 드립니다!',51,'2025-07-07 01:42:27',1);
/*!40000 ALTER TABLE `comment` ENABLE KEYS */;
UNLOCK TABLES;

--
-- Table structure for table `member`
--

DROP TABLE IF EXISTS `member`;
/*!40101 SET @saved_cs_client     = @@character_set_client */;
/*!50503 SET character_set_client = utf8mb4 */;
CREATE TABLE `member` (
  `member_id` int NOT NULL AUTO_INCREMENT,
  `nickname` varchar(30) NOT NULL,
  `email` varchar(100) NOT NULL,
  `created_at` timestamp NULL DEFAULT CURRENT_TIMESTAMP,
  PRIMARY KEY (`member_id`),
  UNIQUE KEY `nickname` (`nickname`),
  UNIQUE KEY `email` (`email`)
) ENGINE=InnoDB AUTO_INCREMENT=7 DEFAULT CHARSET=utf8mb4 COLLATE=utf8mb4_0900_ai_ci;
/*!40101 SET character_set_client = @saved_cs_client */;

--
-- Dumping data for table `member`
--

LOCK TABLES `member` WRITE;
/*!40000 ALTER TABLE `member` DISABLE KEYS */;
INSERT INTO `member` VALUES (1,'테스터','test@example.com','2025-06-26 09:08:43'),(3,'오세민','osemin0201@gmail.com','2025-06-27 06:21:43'),(6,'레키드','omhmir1@gmail.com','2025-07-03 05:33:59');
/*!40000 ALTER TABLE `member` ENABLE KEYS */;
UNLOCK TABLES;

--
-- Table structure for table `post`
--

DROP TABLE IF EXISTS `post`;
/*!40101 SET @saved_cs_client     = @@character_set_client */;
/*!50503 SET character_set_client = utf8mb4 */;
CREATE TABLE `post` (
  `post_id` int NOT NULL AUTO_INCREMENT,
  `member_id` int DEFAULT NULL,
  `title` varchar(255) NOT NULL,
  `content` text NOT NULL,
  `view_cnt` int DEFAULT '0',
  `is_solved` tinyint(1) DEFAULT '0',
  `created_at` timestamp NULL DEFAULT CURRENT_TIMESTAMP,
  PRIMARY KEY (`post_id`),
  KEY `member_id` (`member_id`),
  CONSTRAINT `post_ibfk_1` FOREIGN KEY (`member_id`) REFERENCES `member` (`member_id`) ON DELETE SET NULL
) ENGINE=InnoDB AUTO_INCREMENT=241 DEFAULT CHARSET=utf8mb4 COLLATE=utf8mb4_0900_ai_ci;
/*!40101 SET character_set_client = @saved_cs_client */;

--
-- Dumping data for table `post`
--

LOCK TABLES `post` WRITE;
/*!40000 ALTER TABLE `post` DISABLE KEYS */;
INSERT INTO `post` VALUES (1,1,'테스트 제목 1','테스트 내용 1',12,NULL,'2025-06-26 09:08:43'),(2,1,'테스트 제목 2','테스트 내용 2',12,NULL,'2025-06-26 09:08:43'),(3,1,'테스트 제목 3','테스트 내용 3',12,NULL,'2025-06-26 09:08:43'),(4,1,'테스트 제목 4','테스트 내용 4',12,NULL,'2025-06-26 09:08:43'),(6,1,'테스트 제목 6','테스트 내용 6',13,NULL,'2025-06-26 09:08:43'),(7,1,'테스트 제목 7','테스트 내용 7',12,NULL,'2025-06-26 09:08:43'),(8,1,'테스트 제목 8','테스트 내용 8',12,NULL,'2025-06-26 09:08:43'),(9,1,'테스트 제목 9','테스트 내용 9',12,NULL,'2025-06-26 09:08:43'),(10,1,'테스트 제목 10','테스트 내용 10',12,NULL,'2025-06-26 09:08:43'),(11,1,'테스트 제목 11','테스트 내용 11',12,NULL,'2025-06-26 09:08:43'),(12,1,'테스트 제목 12','테스트 내용 12',12,NULL,'2025-06-26 09:08:43'),(13,1,'테스트 제목 13','테스트 내용 13',12,NULL,'2025-06-26 09:08:43'),(14,1,'테스트 제목 14','테스트 내용 14',12,NULL,'2025-06-26 09:08:43'),(15,1,'테스트 제목 15','테스트 내용 15',12,NULL,'2025-06-26 09:08:43'),(16,1,'테스트 제목 16','테스트 내용 16',13,NULL,'2025-06-26 09:08:43'),(17,1,'테스트 제목 17','테스트 내용 17',12,NULL,'2025-06-26 09:08:43'),(18,1,'테스트 제목 18','테스트 내용 18',12,NULL,'2025-06-26 09:08:43'),(19,1,'테스트 제목 19','테스트 내용 19',12,NULL,'2025-06-26 09:08:43'),(20,1,'테스트 제목 20','테스트 내용 20',12,NULL,'2025-06-26 09:08:43'),(21,1,'테스트 제목 21','테스트 내용 21',12,NULL,'2025-06-26 09:08:43'),(22,1,'테스트 제목 22','테스트 내용 22',12,NULL,'2025-06-26 09:08:43'),(23,1,'테스트 제목 23','테스트 내용 23',12,NULL,'2025-06-26 09:08:43'),(24,1,'테스트 제목 24','테스트 내용 24',12,NULL,'2025-06-26 09:08:43'),(25,1,'테스트 제목 25','테스트 내용 25',12,NULL,'2025-06-26 09:08:43'),(26,1,'테스트 제목 26','테스트 내용 26',12,NULL,'2025-06-26 09:08:43'),(27,1,'테스트 제목 27','테스트 내용 27',12,NULL,'2025-06-26 09:08:43'),(28,1,'테스트 제목 28','테스트 내용 28',12,NULL,'2025-06-26 09:08:43'),(29,1,'테스트 제목 29','테스트 내용 29',12,NULL,'2025-06-26 09:08:43'),(30,1,'테스트 제목 30','테스트 내용 30',12,NULL,'2025-06-26 09:08:43'),(31,1,'테스트 제목 31','테스트 내용 31',12,NULL,'2025-06-26 09:08:43'),(32,1,'테스트 제목 32','테스트 내용 32',12,NULL,'2025-06-26 09:08:43'),(33,1,'테스트 제목 33','테스트 내용 33',12,NULL,'2025-06-26 09:08:43'),(34,1,'테스트 제목 34','테스트 내용 34',12,NULL,'2025-06-26 09:08:43'),(35,1,'테스트 제목 35','테스트 내용 35',12,NULL,'2025-06-26 09:08:43'),(36,1,'테스트 제목 36','테스트 내용 36',12,NULL,'2025-06-26 09:08:43'),(37,1,'테스트 제목 37','테스트 내용 37',12,NULL,'2025-06-26 09:08:43'),(38,1,'테스트 제목 38','테스트 내용 38',12,NULL,'2025-06-26 09:08:43'),(39,1,'테스트 제목 39','테스트 내용 39',12,NULL,'2025-06-26 09:08:43'),(40,1,'테스트 제목 40','테스트 내용 40',12,NULL,'2025-06-26 09:08:43'),(41,1,'테스트 제목 41','테스트 내용 41',12,NULL,'2025-06-26 09:08:43'),(42,1,'테스트 제목 42','테스트 내용 42',12,NULL,'2025-06-26 09:08:43'),(43,1,'테스트 제목 43','테스트 내용 43',12,NULL,'2025-06-26 09:08:43'),(44,1,'테스트 제목 44','테스트 내용 44',12,NULL,'2025-06-26 09:08:43'),(45,1,'테스트 제목 45','테스트 내용 45',12,NULL,'2025-06-26 09:08:43'),(46,1,'테스트 제목 46','테스트 내용 46',12,NULL,'2025-06-26 09:08:43'),(47,1,'테스트 제목 47','테스트 내용 47',12,NULL,'2025-06-26 09:08:43'),(48,1,'테스트 제목 48','테스트 내용 48',12,NULL,'2025-06-26 09:08:43'),(49,1,'테스트 제목 49','테스트 내용 49',12,NULL,'2025-06-26 09:08:43'),(50,1,'테스트 제목 50','테스트 내용 50',12,NULL,'2025-06-26 09:08:43'),(51,1,'테스트 제목 51','테스트 내용 51',12,NULL,'2025-06-26 09:08:43'),(52,1,'테스트 제목 52','테스트 내용 52',12,NULL,'2025-06-26 09:08:43'),(53,1,'테스트 제목 53','테스트 내용 53',12,NULL,'2025-06-26 09:08:43'),(54,1,'테스트 제목 54','테스트 내용 54',12,NULL,'2025-06-26 09:08:43'),(55,1,'테스트 제목 55','테스트 내용 55',12,NULL,'2025-06-26 09:08:43'),(56,1,'테스트 제목 56','테스트 내용 56',12,NULL,'2025-06-26 09:08:43'),(57,1,'테스트 제목 57','테스트 내용 57',12,NULL,'2025-06-26 09:08:43'),(58,1,'테스트 제목 58','테스트 내용 58',12,NULL,'2025-06-26 09:08:43'),(59,1,'테스트 제목 59','테스트 내용 59',12,NULL,'2025-06-26 09:08:43'),(60,1,'테스트 제목 60','테스트 내용 60',12,NULL,'2025-06-26 09:08:43'),(61,1,'테스트 제목 61','테스트 내용 61',12,NULL,'2025-06-26 09:08:43'),(62,1,'테스트 제목 62','테스트 내용 62',12,NULL,'2025-06-26 09:08:43'),(63,1,'테스트 제목 63','테스트 내용 63',12,NULL,'2025-06-26 09:08:43'),(64,1,'테스트 제목 64','테스트 내용 64',12,NULL,'2025-06-26 09:08:43'),(65,1,'테스트 제목 65','테스트 내용 65',12,NULL,'2025-06-26 09:08:43'),(66,1,'테스트 제목 66','테스트 내용 66',12,NULL,'2025-06-26 09:08:43'),(67,1,'테스트 제목 67','테스트 내용 67',12,NULL,'2025-06-26 09:08:43'),(68,1,'테스트 제목 68','테스트 내용 68',12,NULL,'2025-06-26 09:08:43'),(69,1,'테스트 제목 69','테스트 내용 69',12,NULL,'2025-06-26 09:08:43'),(70,1,'테스트 제목 70','테스트 내용 70',12,NULL,'2025-06-26 09:08:43'),(71,1,'테스트 제목 71','테스트 내용 71',12,NULL,'2025-06-26 09:08:43'),(72,1,'테스트 제목 72','테스트 내용 72',12,NULL,'2025-06-26 09:08:43'),(73,1,'테스트 제목 73','테스트 내용 73',12,NULL,'2025-06-26 09:08:43'),(74,1,'테스트 제목 74','테스트 내용 74',12,NULL,'2025-06-26 09:08:43'),(75,1,'테스트 제목 75','테스트 내용 75',12,NULL,'2025-06-26 09:08:43'),(76,1,'테스트 제목 76','테스트 내용 76',12,NULL,'2025-06-26 09:08:43'),(77,1,'테스트 제목 77','테스트 내용 77',12,NULL,'2025-06-26 09:08:43'),(78,1,'테스트 제목 78','테스트 내용 78',12,NULL,'2025-06-26 09:08:43'),(79,1,'테스트 제목 79','테스트 내용 79',12,NULL,'2025-06-26 09:08:43'),(80,1,'테스트 제목 80','테스트 내용 80',12,NULL,'2025-06-26 09:08:43'),(81,1,'테스트 제목 81','테스트 내용 81',12,NULL,'2025-06-26 09:08:43'),(82,1,'테스트 제목 82','테스트 내용 82',12,NULL,'2025-06-26 09:08:43'),(83,1,'테스트 제목 83','테스트 내용 83',12,NULL,'2025-06-26 09:08:43'),(84,1,'테스트 제목 84','테스트 내용 84',12,NULL,'2025-06-26 09:08:43'),(85,1,'테스트 제목 85','테스트 내용 85',12,NULL,'2025-06-26 09:08:43'),(86,1,'테스트 제목 86','테스트 내용 86',12,NULL,'2025-06-26 09:08:43'),(87,1,'테스트 제목 87','테스트 내용 87',12,NULL,'2025-06-26 09:08:43'),(88,1,'테스트 제목 88','테스트 내용 88',12,NULL,'2025-06-26 09:08:43'),(89,1,'테스트 제목 89','테스트 내용 89',12,NULL,'2025-06-26 09:08:43'),(90,1,'테스트 제목 90','테스트 내용 90',12,NULL,'2025-06-26 09:08:43'),(91,1,'테스트 제목 91','테스트 내용 91',12,NULL,'2025-06-26 09:08:43'),(92,1,'테스트 제목 92','테스트 내용 92',12,NULL,'2025-06-26 09:08:43'),(93,1,'테스트 제목 93','테스트 내용 93',12,NULL,'2025-06-26 09:08:43'),(94,1,'테스트 제목 94','테스트 내용 94',12,NULL,'2025-06-26 09:08:43'),(95,1,'테스트 제목 95','테스트 내용 95',14,NULL,'2025-06-26 09:08:43'),(96,1,'테스트 제목 96','테스트 내용 96',15,NULL,'2025-06-26 09:08:43'),(97,1,'테스트 제목 97','테스트 내용 97',15,NULL,'2025-06-26 09:08:43'),(98,1,'테스트 제목 98','테스트 내용 98',18,NULL,'2025-06-26 09:08:43'),(99,1,'테스트 제목 99','테스트 내용 99',15,NULL,'2025-06-26 09:08:43'),(100,1,'테스트 제목 100','테스트 내용 199',17,NULL,'2025-06-26 09:08:43'),(101,1,'1','1',12,0,'2025-06-26 09:13:29'),(102,1,'2','2',12,0,'2025-06-26 09:13:32'),(103,1,'5','5',14,0,'2025-06-26 09:13:36'),(105,1,'6','6',13,0,'2025-06-26 09:18:32'),(107,1,'1','1',15,0,'2025-06-27 06:08:06'),(111,3,'asdbnm','ery',18,0,'2025-06-27 07:12:26'),(112,3,'zxc','qwe',16,0,'2025-06-27 07:17:32'),(113,3,'qwe','zxc1',25,0,'2025-06-27 07:21:13'),(122,3,'dtrhj','zdfh',16,0,'2025-07-01 05:28:06'),(124,3,'ㅈㅂㄷㅁㄴㅇ','ㅇㅊㅍㅌㅇㅎㄴ',14,0,'2025-07-01 07:28:59'),(125,3,'ㅁㄴㅇ','ㅋㅌㅊ',14,0,'2025-07-01 08:13:37'),(126,3,'ㅁㅈ','ㅋㅌㅊ',13,0,'2025-07-01 08:25:42'),(127,3,'ㅂㅈㄱㅁㄶ','ㄴㅇ론ㄷ고',15,0,'2025-07-01 08:33:31'),(128,3,'ㅂㅈㄷㅁㄴㄹ','ㅋㅌㅍㅌ륰ㅇㄱ',12,0,'2025-07-01 08:40:56'),(129,3,'ㅁㄴㅇㅋㅌㅊ','ㅁㄴㅇㅂㅈㄱ',12,0,'2025-07-01 08:46:11'),(130,3,'ㅂㅈㄷㄱ','ㅋㄹ',13,0,'2025-07-01 08:47:52'),(131,3,'ㅂㅈㄱㄻㄴㅇㄹ','ㄴㅇㅎㅇ록ㄷ오',12,0,'2025-07-01 08:53:10'),(132,3,'ㅋㅌㅊ','ㄹ허ㅡㅇㄹ서',12,0,'2025-07-01 08:54:07'),(133,3,'ㅈㄱㄹ','ㄴㅇㅎㅋㄴㅇㅎ',12,0,'2025-07-01 08:57:40'),(134,3,'ㅈㅂㄷ','ㅋㄴㅊ',12,0,'2025-07-01 09:10:06'),(135,3,'ㅇㄹ헝ㄹ허','ㄴㅀ엍ㅇㄹ허',12,0,'2025-07-01 09:11:48'),(136,3,'로','ㅇㅋ곸ㄴㅇ고',12,0,'2025-07-01 09:20:16'),(137,3,'ㄷㅁㅎ','ㄴㄷ고ㅛ',12,0,'2025-07-01 09:25:12'),(138,3,'ㄴ고','ㄴㅇㄱ코',12,0,'2025-07-01 09:34:17'),(139,3,'ㅇㅅ건ㅌ러','ㄴ헌ㅌㄹ허',12,0,'2025-07-01 09:43:55'),(140,3,'ㅋㅌㅊ','ㅈㄴㄷ고',12,0,'2025-07-01 09:45:51'),(141,3,'ㅁㄴㅇㅎ로','ㄴㅇ런어',12,0,'2025-07-01 09:49:44'),(142,3,'ㅁㄴㅇ','ㅋㅌㅊ',12,0,'2025-07-01 09:56:48'),(143,3,'ㅁㄴㅇㅎ','ㅁ고',12,0,'2025-07-01 10:02:27'),(144,3,'ㄴㅇㅎ','고',12,0,'2025-07-01 10:03:11'),(145,3,'ㅁㄴㅇ','ㅇ로',12,0,'2025-07-01 10:06:10'),(146,3,'ㅂㅈㄷㄱ','ㄴㅇㅎ',16,0,'2025-07-01 10:10:26'),(147,3,'ㅋㅇ로','ㄴㅇ로',12,0,'2025-07-01 10:11:41'),(148,3,'ㅁㄴㅇ','ㄴㅇㄹ호',12,0,'2025-07-01 10:13:49'),(149,3,'ㅁㄴㅇ','ㅇ로',12,0,'2025-07-01 10:15:43'),(150,3,'ㅋㅌㅊ','ㅁㄴㄹ',12,0,'2025-07-01 10:19:39'),(151,3,'ㅁㄴㅇ','ㅇ러ㅗ',12,0,'2025-07-01 10:23:29'),(152,3,'ㅁㄴㅇ','ㅌㅇㅊㅍ',12,0,'2025-07-01 10:28:06'),(153,3,'ㅁㄴㅇ','ㅇㄱ소',12,0,'2025-07-01 10:34:36'),(154,3,'ㅁㄴㅇ','ㄴ오ㅓ',12,0,'2025-07-01 10:38:17'),(155,3,'ㅇ고','ㅇㄹ서',12,0,'2025-07-01 10:39:47'),(156,3,'ㄴㅇ로','ㄴ로',16,0,'2025-07-01 10:41:24'),(157,3,'ㅋㅇ로','ㅋㅇ로',12,0,'2025-07-01 10:44:28'),(158,3,'ㅁㄴㅇㅌㅇㄹ','츙로',12,0,'2025-07-01 10:47:16'),(159,3,'ㄴ오','ㅋㅇ거',12,0,'2025-07-01 10:49:54'),(160,3,'ㅇㅋㄴ서','ㄴ서',12,0,'2025-07-01 10:52:23'),(161,3,'ㅋㅌ거ㅗ','ㅋ거',13,0,'2025-07-01 10:54:59'),(162,3,'ㅌㄹ사','ㅌㅊ라',12,0,'2025-07-01 10:56:11'),(163,3,'ㅋㄴ고','코',12,0,'2025-07-01 10:57:24'),(164,3,'ㅋㅇ로','ㅋ어',12,0,'2025-07-01 10:59:20'),(165,3,'ㅋㄴ옿','코',12,0,'2025-07-01 11:02:59'),(166,3,'ㅁㄴㅇ','ㅋㅌㅍ',12,0,'2025-07-01 11:05:10'),(167,3,'ㅇ쇼ㅑ','약쇼',12,0,'2025-07-01 11:08:32'),(168,3,'ㅋㅇ로','ㅋㅇ러ㅗ',12,0,'2025-07-01 11:12:34'),(169,3,'ㄷㄴ고','ㄴㄷ고',12,0,'2025-07-01 11:15:14'),(170,3,'ㅁㄴㅇ','ㅌ로',12,0,'2025-07-01 11:18:14'),(171,3,'ㅌㅅ어','ㅌㅇ서',12,0,'2025-07-01 11:20:10'),(172,3,'ㅁㄴㅇ','ㄴㄱ소',12,0,'2025-07-01 11:34:23'),(174,3,'ㅁ고','ㄴㅇ거',12,0,'2025-07-01 11:36:21'),(175,3,'ㅋㅇㄱ서','ㅋㅌㅅ어',12,0,'2025-07-01 11:36:58'),(176,3,'ㅁㄴㅇ','ㅇ로',13,0,'2025-07-01 11:39:51'),(177,3,'ㅇㄴㅁㅎ','ㅋ너',16,0,'2025-07-01 11:42:03'),(178,3,'ㄴㄱ사','ㅌ료ㅏ',12,0,'2025-07-01 11:43:06'),(179,3,'ㅋㄴ꼬','ㅋㄴ꼬',12,0,'2025-07-01 11:57:04'),(180,3,'ㅇㄱ소ㅓ','ㅌㅋㅇㄱ서',12,0,'2025-07-01 12:02:21'),(181,3,'ㄴㄱ셔ㅓ','ㅌㅎ러ㅡ',13,0,'2025-07-01 12:07:24'),(182,3,'ㅁㄴㄹㅇ','ㅌ허',14,0,'2025-07-01 12:17:52'),(184,3,'ㅁㅇ호','ㅁ고',12,0,'2025-07-01 12:21:58'),(185,3,'ㅇ서ㅏ','ㅌ하',12,0,'2025-07-01 12:23:57'),(186,3,'ㅎ치ㅏ','ㅊ료ㅏ',14,0,'2025-07-01 12:29:25'),(187,3,'ztdj','xdtj',14,0,'2025-07-02 00:00:41'),(188,3,'zrdh','zh',52,0,'2025-07-02 00:01:22'),(189,3,'adrfh','asd',75,1,'2025-07-02 04:01:51'),(191,3,'ㅋㅌㄱㄷ어','ㅌ서',17,0,'2025-07-02 03:38:20'),(192,3,'노','ㅁㄷ고ㅓ',34,0,'2025-07-02 03:41:08'),(193,3,'ㅅ어','ㄴㅇㄱ서',34,0,'2025-07-02 06:06:12'),(194,3,'ㅁㄴㅇㅎ','ㅁㄴ',18,0,'2025-07-02 05:03:18'),(195,3,'ㄴㄱ서','ㄴㅌ서',43,0,'2025-07-02 05:25:59'),(196,3,'ㅋㄴㅇ로','ㅋㄴㅇ로ㄷㄱㅁ노ㅕㅓ커',19,0,'2025-07-02 05:32:57'),(197,3,'ㅁ고','ㅁㄴ옥',14,0,'2025-07-02 05:35:09'),(202,3,'ㅁㄴㄹ','ㅇ로',20,0,'2025-07-02 06:14:41'),(203,3,'ㄴ서','ㄴ서',24,0,'2025-07-02 06:21:24'),(204,3,'ㅌㅇㅅ러','ㅌ서',17,0,'2025-07-02 06:34:34'),(205,3,'sdrtj','xdtjh',53,0,'2025-07-02 06:56:01'),(206,3,'zj','stj',33,0,'2025-07-02 06:59:38'),(207,3,'stju','srtksrtksrtk',24,0,'2025-07-02 07:07:14'),(208,3,'tzdsj','zxdj',24,0,'2025-07-02 07:21:24'),(209,3,'zsdrh','zrh',14,0,'2025-07-02 07:21:35'),(210,3,'tdj','sftj',30,1,'2025-07-02 07:25:31'),(211,3,'xgdfj','xrtkj',55,1,'2025-07-02 07:52:48'),(212,3,'zdfj','zdj',31,1,'2025-07-02 07:34:58'),(213,3,'xxj','zxdfj',38,1,'2025-07-02 07:48:53'),(215,3,'srtj','ㄴㄱ서srdtjk',118,1,'2025-07-03 06:57:16'),(216,3,'xtj','xftj',9,0,'2025-07-03 06:49:48'),(217,3,'dzfh','SDH',30,0,'2025-07-03 09:31:33'),(218,3,'resah','arh',22,0,'2025-07-03 07:45:01'),(222,3,'ㅇㄱ쇼ㅓ','ㅌㄱ서ㅏ',6,1,'2025-07-03 09:28:37'),(223,3,'ㅇㄱ쇼ㅓ','ㅌㄱ서ㅏ',15,0,'2025-07-03 09:28:57'),(224,3,'fyk','cgyk',9,0,'2025-07-04 04:33:01'),(225,3,'xftkj','xtkf',3,0,'2025-07-04 04:17:23'),(226,3,'stdj','tj',18,1,'2025-07-04 08:21:42'),(227,3,'ㅁㄴㄹ','ㅇ롱고',4,0,'2025-07-04 10:32:48'),(228,6,'dsrtj','xdftj',5,0,'2025-07-07 01:04:34'),(229,3,'서울 용산 추천점','ㅁㄴㅇ',17,1,'2025-07-07 01:39:43'),(230,3,'책 추천 부탁드립니다!','ㅇㄴㅀ',14,1,'2025-07-07 01:39:59'),(231,3,'비 오는 날, 창가에서 읽기 좋은 책 있을까요?','ㄴㄷㄹ',1,0,'2025-07-07 01:17:49'),(232,3,'카페에서 혼자 보기 좋은 소설 추천해주세요','ㅇㄹ노',5,0,'2025-07-07 01:40:13'),(233,3,'이별 후 위로가 되는 책이 있을까요?','ㅋㄴㅇ롷',1,0,'2025-07-07 01:18:16'),(234,3,'도서관에서 시간이 멈춘 듯한 기분을 느낄 책이 뭐가 있을까요?','ㄴㅇ로',1,0,'2025-07-07 01:18:27'),(235,3,'여름밤, 선풍기 앞에서 보기 좋은 책은?','ㄴㅇ로',1,0,'2025-07-07 01:18:37'),(236,3,'우울한 날 기분이 환기되는 책, 뭐가 있을까요?','ㄴㅇ고',1,0,'2025-07-07 01:18:48'),(237,3,'혼자 여행 중인데, 길 위에서 읽을 책이 필요해요','ㄴㅇ로',1,0,'2025-07-07 01:18:59'),(238,3,'지친 하루 끝, 따뜻한 기분으로 잠들 수 있게 해주는 책 있을까요?','ㄴㅅ옷',1,0,'2025-07-07 01:19:08'),(239,3,'산책 후 벤치에 앉아 읽기 좋은 에세이 추천 부탁드려요','ㄴㅇ고',9,0,'2025-07-07 01:40:28');
/*!40000 ALTER TABLE `post` ENABLE KEYS */;
UNLOCK TABLES;

--
-- Table structure for table `post_tag`
--

DROP TABLE IF EXISTS `post_tag`;
/*!40101 SET @saved_cs_client     = @@character_set_client */;
/*!50503 SET character_set_client = utf8mb4 */;
CREATE TABLE `post_tag` (
  `post_id` int NOT NULL,
  `tag_id` int NOT NULL,
  PRIMARY KEY (`post_id`,`tag_id`),
  KEY `tag_id` (`tag_id`),
  CONSTRAINT `post_tag_ibfk_1` FOREIGN KEY (`post_id`) REFERENCES `post` (`post_id`) ON DELETE CASCADE,
  CONSTRAINT `post_tag_ibfk_2` FOREIGN KEY (`tag_id`) REFERENCES `tag` (`tag_id`) ON DELETE CASCADE
) ENGINE=InnoDB DEFAULT CHARSET=utf8mb4 COLLATE=utf8mb4_0900_ai_ci;
/*!40101 SET character_set_client = @saved_cs_client */;

--
-- Dumping data for table `post_tag`
--

LOCK TABLES `post_tag` WRITE;
/*!40000 ALTER TABLE `post_tag` DISABLE KEYS */;
INSERT INTO `post_tag` VALUES (111,2),(122,2),(130,2),(136,2),(140,2),(213,2),(215,2),(218,2),(227,2),(239,2),(102,3),(103,3),(105,3),(107,3),(112,3),(113,3),(125,3),(126,3),(132,3),(133,3),(135,3),(137,3),(141,3),(143,3),(144,3),(146,3),(147,3),(148,3),(150,3),(151,3),(152,3),(153,3),(154,3),(155,3),(156,3),(157,3),(159,3),(160,3),(162,3),(163,3),(165,3),(166,3),(169,3),(171,3),(172,3),(174,3),(175,3),(176,3),(177,3),(181,3),(182,3),(188,3),(192,3),(203,3),(207,3),(210,3),(211,3),(212,3),(215,3),(216,3),(217,3),(218,3),(222,3),(223,3),(226,3),(229,3),(122,4),(130,4),(211,4),(213,4),(226,4),(227,4),(122,5),(126,5),(127,5),(129,5),(131,5),(132,5),(133,5),(135,5),(137,5),(138,5),(141,5),(143,5),(145,5),(146,5),(147,5),(148,5),(149,5),(150,5),(151,5),(152,5),(153,5),(154,5),(155,5),(156,5),(158,5),(159,5),(160,5),(162,5),(163,5),(166,5),(167,5),(168,5),(169,5),(170,5),(172,5),(179,5),(182,5),(186,5),(197,5),(204,5),(209,5),(212,5),(226,5),(228,5),(229,5),(230,5),(211,6),(215,6),(226,6),(227,6),(122,7),(127,7),(128,7),(131,7),(134,7),(138,7),(139,7),(145,7),(158,7),(161,7),(167,7),(168,7),(170,7),(178,7),(184,7),(185,7),(203,7),(204,7),(213,7),(215,7),(222,7),(223,7),(224,7),(225,7),(227,7),(228,7),(229,7),(230,7),(232,7),(122,8),(128,8),(129,8),(134,8),(136,8),(139,8),(142,8),(164,8),(179,8),(211,8),(216,8),(218,8),(222,8),(223,8),(224,8),(225,8),(227,8),(228,8),(230,8),(232,8),(239,8),(136,9),(164,9),(180,9),(184,9),(187,9),(207,9),(211,9),(215,9),(216,9),(218,9),(224,9),(232,9),(239,9);
/*!40000 ALTER TABLE `post_tag` ENABLE KEYS */;
UNLOCK TABLES;

--
-- Table structure for table `reaction`
--

DROP TABLE IF EXISTS `reaction`;
/*!40101 SET @saved_cs_client     = @@character_set_client */;
/*!50503 SET character_set_client = utf8mb4 */;
CREATE TABLE `reaction` (
  `reaction_id` int NOT NULL AUTO_INCREMENT,
  `member_id` int NOT NULL,
  `target_type` enum('POST','COMMENT') NOT NULL,
  `target_id` int NOT NULL,
  `reaction_type` enum('LIKE','DISLIKE') NOT NULL,
  `created_at` datetime DEFAULT CURRENT_TIMESTAMP,
  PRIMARY KEY (`reaction_id`),
  UNIQUE KEY `member_id` (`member_id`,`target_type`,`target_id`),
  UNIQUE KEY `UK6m8m1n4kympw6eur8hr4yx38t` (`member_id`,`target_type`,`target_id`),
  CONSTRAINT `reaction_ibfk_1` FOREIGN KEY (`member_id`) REFERENCES `member` (`member_id`) ON DELETE CASCADE
) ENGINE=InnoDB AUTO_INCREMENT=59 DEFAULT CHARSET=utf8mb4 COLLATE=utf8mb4_0900_ai_ci;
/*!40101 SET character_set_client = @saved_cs_client */;

--
-- Dumping data for table `reaction`
--

LOCK TABLES `reaction` WRITE;
/*!40000 ALTER TABLE `reaction` DISABLE KEYS */;
INSERT INTO `reaction` VALUES (6,3,'POST',112,'LIKE','2025-06-30 15:22:15'),(7,3,'POST',111,'DISLIKE','2025-06-30 15:22:18'),(8,3,'POST',107,'LIKE','2025-06-30 15:22:20'),(9,1,'POST',113,'LIKE','2025-06-30 15:22:40'),(11,3,'POST',105,'DISLIKE','2025-06-30 15:47:01'),(12,1,'POST',105,'LIKE','2025-06-30 15:47:01'),(13,3,'POST',1,'DISLIKE','2025-06-30 15:50:45'),(14,1,'POST',1,'DISLIKE','2025-06-30 15:47:01'),(15,3,'POST',113,'LIKE','2025-06-30 15:51:49'),(16,3,'POST',121,'DISLIKE','2025-06-30 19:24:47'),(17,3,'POST',123,'LIKE','2025-07-01 14:36:45'),(18,3,'POST',190,'DISLIKE','2025-07-02 11:33:01'),(19,3,'POST',183,'DISLIKE','2025-07-02 12:37:54'),(24,6,'POST',208,'DISLIKE','2025-07-03 15:00:24'),(27,6,'POST',206,'LIKE','2025-07-03 15:23:09'),(29,6,'POST',207,'DISLIKE','2025-07-03 15:36:11'),(34,3,'POST',215,'DISLIKE','2025-07-03 15:56:41'),(35,3,'POST',206,'LIKE','2025-07-03 15:59:35'),(36,3,'POST',217,'LIKE','2025-07-03 16:25:42'),(37,3,'POST',218,'LIKE','2025-07-03 16:49:16'),(38,6,'POST',218,'LIKE','2025-07-04 10:43:48'),(40,6,'POST',211,'LIKE','2025-07-04 11:01:57'),(41,3,'POST',177,'LIKE','2025-07-04 13:56:22'),(42,3,'POST',99,'LIKE','2025-07-04 13:56:27'),(43,3,'POST',98,'LIKE','2025-07-04 13:56:34'),(44,3,'POST',97,'LIKE','2025-07-04 13:56:41'),(45,3,'POST',96,'LIKE','2025-07-04 13:56:45'),(46,3,'POST',95,'LIKE','2025-07-04 13:56:48'),(47,3,'POST',156,'LIKE','2025-07-04 15:06:23'),(48,3,'POST',146,'LIKE','2025-07-04 15:06:27'),(49,3,'POST',127,'LIKE','2025-07-04 15:06:33'),(50,3,'POST',103,'LIKE','2025-07-04 15:06:38'),(51,3,'POST',226,'DISLIKE','2025-07-04 17:21:16'),(52,6,'POST',226,'LIKE','2025-07-04 17:23:03'),(53,6,'POST',222,'LIKE','2025-07-04 19:31:13'),(54,3,'POST',229,'LIKE','2025-07-07 10:41:43'),(55,6,'POST',229,'LIKE','2025-07-07 10:41:49'),(56,6,'POST',230,'DISLIKE','2025-07-07 10:41:56'),(57,3,'POST',230,'DISLIKE','2025-07-07 10:41:59'),(58,3,'POST',240,'DISLIKE','2025-07-07 10:44:02');
/*!40000 ALTER TABLE `reaction` ENABLE KEYS */;
UNLOCK TABLES;

--
-- Table structure for table `tag`
--

DROP TABLE IF EXISTS `tag`;
/*!40101 SET @saved_cs_client     = @@character_set_client */;
/*!50503 SET character_set_client = utf8mb4 */;
CREATE TABLE `tag` (
  `tag_id` int NOT NULL AUTO_INCREMENT,
  `name` varchar(20) NOT NULL,
  PRIMARY KEY (`tag_id`),
  UNIQUE KEY `name` (`name`)
) ENGINE=InnoDB AUTO_INCREMENT=10 DEFAULT CHARSET=utf8mb4 COLLATE=utf8mb4_0900_ai_ci;
/*!40101 SET character_set_client = @saved_cs_client */;

--
-- Dumping data for table `tag`
--

LOCK TABLES `tag` WRITE;
/*!40000 ALTER TABLE `tag` DISABLE KEYS */;
INSERT INTO `tag` VALUES (3,'#고요한'),(5,'#공부방'),(7,'#비추천'),(8,'#시끄러운'),(9,'#정신없는'),(2,'#조용한'),(4,'#집중되는'),(6,'#추천');
/*!40000 ALTER TABLE `tag` ENABLE KEYS */;
UNLOCK TABLES;
/*!40103 SET TIME_ZONE=@OLD_TIME_ZONE */;

/*!40101 SET SQL_MODE=@OLD_SQL_MODE */;
/*!40014 SET FOREIGN_KEY_CHECKS=@OLD_FOREIGN_KEY_CHECKS */;
/*!40014 SET UNIQUE_CHECKS=@OLD_UNIQUE_CHECKS */;
/*!40101 SET CHARACTER_SET_CLIENT=@OLD_CHARACTER_SET_CLIENT */;
/*!40101 SET CHARACTER_SET_RESULTS=@OLD_CHARACTER_SET_RESULTS */;
/*!40101 SET COLLATION_CONNECTION=@OLD_COLLATION_CONNECTION */;
/*!40111 SET SQL_NOTES=@OLD_SQL_NOTES */;

-- Dump completed on 2025-07-07 17:03:08
